iso,pais,continente
ABW,Aruba,Américas
AFG,Afghanistan,Asia
AGO,Angola,África
AIA,Anguilla,Américas
ALB,Albania,Europa
AND,Andorra,Europa
ARE,United Arab Emirates,Asia
ARG,Argentina,Américas
ARM,Armenia,Asia
ASM,American Samoa,Oceanía
ATG,Antigua and Barbuda,Américas
AUS,Australia,Oceanía
AUT,Austria,Europa
AZE,Azerbaijan,Asia
BDI,Burundi,África
BEL,Belgium,Europa
BEN,Benin,África
BES,Bonaire Sint Eustatius and Saba,Américas
BFA,Burkina Faso,África
BGD,Bangladesh,Asia
BGR,Bulgaria,Europa
BHR,Bahrain,Asia
BHS,Bahamas,Américas
BIH,Bosnia and Herzegovina,Europa
BLM,Saint Barthélemy,Américas
BLR,Belarus,Europa
BLZ,Belize,Américas
BMU,Bermuda,Américas
BOL,Bolivia (Plurinational State of),Américas
BRA,Brazil,Américas
BRB,Barbados,Américas
BRN,Brunei Darussalam,Asia
BTN,Bhutan,Asia
BWA,Botswana,África
CAF,Central African Republic,África
CAN,Canada,Américas
CHE,Switzerland,Europa
CHL,Chile,Américas
CHN,China,Asia
CIV,Côte d'Ivoire,África
CMR,Cameroon,África
COD,Democratic Republic of the Congo,África
COG,Congo,África
COK,Cook Islands,Oceanía
COL,Colombia,Américas
COM,Comoros,África
CPV,Cabo Verde,África
CRI,Costa Rica,Américas
CUB,Cuba,Américas
CUW,Curaçao,Américas
CYM,Cayman Islands,Américas
CYP,Cyprus,Asia
CZE,Czechia,Europa
DEU,Germany,Europa
DJI,Djibouti,África
DMA,Dominica,Américas
DNK,Denmark,Europa
DOM,Dominican Republic,Américas
DZA,Algeria,África
ECU,Ecuador,Américas
EGY,Egypt,África
ERI,Eritrea,África
ESP,Spain,Europa
EST,Estonia,Europa
ETH,Ethiopia,África
FIN,Finland,Europa
FJI,Fiji,Oceanía
FLK,Falkland Islands (Malvinas),Américas
FRA,France,Europa
FRO,Faroe Islands,Europa
FSM,Micronesia (Fed. States of),Oceanía
GAB,Gabon,África
GBR,United Kingdom,Europa
GEO,Georgia,Asia
GGY,Guernsey,Europa
GHA,Ghana,África
GIB,Gibraltar,Europa
GIN,Guinea,África
GLP,Guadeloupe,Américas
GMB,Gambia,África
GNB,Guinea-Bissau,África
GNQ,Equatorial Guinea,África
GRC,Greece,Europa
GRD,Grenada,Américas
GRL,Greenland,Américas
GTM,Guatemala,Américas
GUF,French Guiana,Américas
GUM,Guam,Oceanía
GUY,Guyana,Américas
HKG,Hong Kong,Asia
HND,Honduras,Américas
HRV,Croatia,Europa
HTI,Haiti,Américas
HUN,Hungary,Europa
IDN,Indonesia,Asia
IMN,Isle of Man,Europa
IND,India,Asia
IRL,Ireland,Europa
IRN,Iran (Islamic Republic of),Asia
IRQ,Iraq,Asia
ISL,Iceland,Europa
ISR,Israel,Asia
ITA,Italy,Europa
JAM,Jamaica,Américas
JOR,Jordan,Asia
JPN,Japan,Asia
KAZ,Kazakhstan,Asia
KEN,Kenya,África
KGZ,Kyrgyzstan,Asia
KHM,Cambodia,Asia
KIR,Kiribati,Oceanía
KNA,Saint Kitts and Nevis,Américas
KOR,Republic of Korea,Asia
KWT,Kuwait,Asia
LAO,Lao People's Democratic Republic,Asia
LBN,Lebanon,Asia
LBR,Liberia,África
LBY,Libya,África
LCA,Saint Lucia,Américas
LIE,Liechtenstein,Europa
LKA,Sri Lanka,Asia
LSO,Lesotho,África
LTU,Lithuania,Europa
LUX,Luxembourg,Europa
LVA,Latvia,Europa
MAC,Macao,Asia
MAF,Saint-Martin,Américas
MAR,Morocco,África
MCO,Monaco,Europa
MDA,Republic of Moldova,Europa
MDG,Madagascar,África
MDV,Maldives,Asia
MEX,Mexico,Américas
MHL,Marshall Islands,Oceanía
MKD,North Macedonia,Europa
MLI,Mali,África
MLT,Malta,Europa
MMR,Myanmar,Asia
MNE,Montenegro,Europa
MNG,Mongolia,Asia
MNP,Northern Mariana Islands,Oceanía
MOZ,Mozambique,África
MRT,Mauritania,África
MSR,Montserrat,Américas
MTQ,Martinique,Américas
MUS,Mauritius,África
MWI,Malawi,África
MYS,Malaysia,Asia
MYT,Mayotte,África
NAM,Namibia,África
NCL,New Caledonia,Oceanía
NER,Niger,África
NGA,Nigeria,África
NIC,Nicaragua,Américas
NIU,Niue,Oceanía
NLD,Netherlands,Europa
NOR,Norway,Europa
NPL,Nepal,Asia
NRU,Nauru,Oceanía
NZL,New Zealand,Oceanía
OMN,Oman,Asia
PAK,Pakistan,Asia
PAN,Panama,Américas
PCN,Pitcairn Islands,Oceanía
PER,Peru,Américas
PHL,Philippines,Asia
PLW,Palau,Oceanía
PNG,Papua New Guinea,Oceanía
POL,Poland,Europa
PRI,Puerto Rico,Américas
PRK,Dem. People's Republic of Korea,Asia
PRT,Portugal,Europa
PRY,Paraguay,Américas
PSE,State of Palestine,Asia
PYF,French Polynesia,Oceanía
QAT,Qatar,Asia
REU,Réunion,África
ROU,Romania,Europa
RUS,Russian Federation,Europa
RWA,Rwanda,África
SAU,Saudi Arabia,Asia
SDN,Sudan,África
SEN,Senegal,África
SGP,Singapore,Asia
SHN,Saint Helena,África
SLB,Solomon Islands,Oceanía
SLE,Sierra Leone,África
SLV,El Salvador,Américas
SMR,San Marino,Europa
SOM,Somalia,África
SPI,Islas Canarias,Europa
SRB,Serbia,Europa
SSD,South Sudan,África
STP,Sao Tome and Principe,África
SUR,Suriname,Américas
SVK,Slovakia,Europa
SVN,Slovenia,Europa
SWE,Sweden,Europa
SWZ,Eswatini,África
SXM,Sint Maarten,Américas
SYC,Seychelles,África
SYR,Syrian Arab Republic,Asia
TCA,Turks and Caicos Islands,Américas
TCD,Chad,África
TGO,Togo,África
THA,Thailand,Asia
TJK,Tajikistan,Asia
TKL,Tokelau,Oceanía
TKM,Turkmenistan,Asia
TLS,Timor-Leste,Asia
TON,Tonga,Oceanía
TTO,Trinidad and Tobago,Américas
TUN,Tunisia,África
TUR,Turkey,Asia
TUV,Tuvalu,Oceanía
TWN,Taiwan,Asia
TZA,United Republic of Tanzania,África
UGA,Uganda,África
UKR,Ukraine,Europa
URY,Uruguay,Américas
USA,United States of America,Américas
UZB,Uzbekistan,Asia
VAT,Holy See,Europa
VCT,Saint Vincent and the Grenadines,Américas
VEN,Venezuela (Bolivarian Republic of),Américas
VGB,British Virgin Islands,Américas
VIR,United States Virgin Islands,Américas
VNM,Viet Nam,Asia
VUT,Vanuatu,Oceanía
WLF,Wallis and Futuna Islands,Oceanía
WSM,Samoa,Oceanía
XKX,Kosovo,Europa
YEM,Yemen,Asia
ZAF,South Africa,África
ZMB,Zambia,África
ZWE,Zimbabwe,África
